"Name","Street Address","Postal/Zip"
"Michael Smith","123 Elm St","90210"
"Jennifer Brown","456 Oak Ave","60601"
"William Johnson","789 Pine Rd","10001"
"Emily Davis","321 Maple Dr","33101"
"James Wilson","654 Birch Ln","94102"
"Sarah Taylor","987 Cedar St","75201"
"David Anderson","147 Spruce Way","30303"
"Jessica Martinez","258 Willow Ct","85001"
"Robert Garcia","369 Ash Blvd","20001"
"Laura Rodriguez","741 Poplar St","98101"
"Thomas Lee","852 Magnolia Dr","73301"
"Amanda White","963 Chestnut Ave","48201"
"Christopher Clark","159 Sycamore Rd","80202"
"Elizabeth Hall","357 Hickory Ln","19103"
"Daniel Young","468 Laurel St","37203"
"Patricia Moore","579 Fir Ct","77002"
"Matthew Walker","681 Hemlock Way","92101"
"Linda Harris","792 Linden Blvd","46202"
"Mark Thompson","813 Tamarack St","55401"
"Susan Lewis","924 Redwood Dr","63101"
"Joseph Allen","135 Sequoia Ave","84101"
"Rebecca King","246 Cypress Rd","70112"
"Charles Scott","357 Dogwood Ln","43210"
"Mary Turner","468 Evergreen St","53703"
"Anthony Perez","579 Hazel Ct","96813"
"Karen Adams","681 Juniper Way","64108"
"Steven Baker","792 Myrtle Blvd","73102"
"Nancy Green","813 Olive Dr","29201"
"Paul Phillips","924 Palm Ave","40502"
"Donna Wright","135 Peach St","57103"
"Edward Nelson","246 Plum Rd","99501"
"Barbara Carter","357 Rosewood Ln","58102"
"George Mitchell","468 Sage Ct","87501"
"Cynthia Roberts","579 Thyme Way","97201"
"Richard Evans","681 Violet St","83702"
"Margaret Parker","792 Walnut Dr","68502"
"Kevin Edwards","813 Yew Ave","55101"
"Lisa Collins","924 Zinnia Rd","59101"
"Jeffrey Stewart","135 Alder Ln","06101"
"Deborah Sanchez","246 Beech Ct","32301"
"Timothy Morris","357 Cherry Way","70801"
"Sharon Rogers","468 Daisy St","50309"
"Donald Cook","579 Fern Dr","80203"
"Kimberly Bell","681 Grove Ave","60602"
"Brian Rivera","792 Holly Rd","33102"
"Helen Long","813 Ivy Ln","94103"
"Patrick Hill","924 Jasmine Ct","75202"
"Carol Ward","135 Kelp Way","30304"
"Jason Gray","246 Lotus St","85002"
"Angela Brooks","357 Marigold Dr","20002"
